{
	"ALPHABLEND_TYPE": 1,
	"ANGLE": 30.99704933166504,
	"ATTENUATION": 0.9929999709129333,
	"BACKROT": false,
	"BCOLTRANSITION": true,
	"CNTTRANSITIONTIME": 0,
	"COL": {
		"A": 1,
		"B": 0.888198733329773,
		"G": 0.45095106959342957,
		"R": 0.2427375614643097
	},
	"COLRANDAMMAX": {
		"A": 1,
		"B": 1,
		"G": 1,
		"R": 1
	},
	"COLRANDAMMIN": {
		"A": 1,
		"B": 1,
		"G": 1,
		"R": 1
	},
	"COLRANDOM": false,
	"COLTRANSITION": {
		"A": -0.006000000052154064,
		"B": 0,
		"G": 0,
		"R": 0
	},
	"DESTCOL": {
		"A": 0.45962733030319214,
		"B": 0.8757764101028442,
		"G": 0.4406079947948456,
		"R": 0.5649417638778687
	},
	"DIVISION": {
		"X": 1,
		"Y": 1
	},
	"EFFECTTYPE": 0,
	"ENDTIME": 40,
	"HEIGHT": 0,
	"LIFE": 28,
	"MOVE": {
		"X": 0,
		"Y": 0,
		"Z": 0
	},
	"MOVETRANSITION": {
		"X": 0,
		"Y": 0,
		"Z": 0
	},
	"MULTITEX": "0",
	"NUMPARTICLE": 1,
	"POS": {
		"X": 640,
		"Y": 360,
		"Z": 0
	},
	"POSMAX": {
		"X": 0,
		"Y": 0,
		"Z": 0
	},
	"POSMIN": {
		"X": 0,
		"Y": 0,
		"Z": 0
	},
	"RADIUS": 3.618000030517578,
	"RANDOMTRANSITIONTIME": false,
	"ROT": {
		"X": 640,
		"Y": -360,
		"Z": 2.0831856727600098
	},
	"SCALE": 89.8030014038086,
	"SCALETRANSITION": {
		"X": 0,
		"Y": 0
	},
	"SPEED": 10,
	"TIME": 0,
	"TYPE": 0,
	"WEIGHT": 0,
	"WEIGHTTRANSITION": 0,
	"WIDTH": 0
}